{"lattice": {"a": 2.882348430717906, "c": 2.882348430717906, "b": 2.882348430717906, "matrix": [[0.0, 2.038128121103035, 2.038128121103035], [2.038128121103035, 0.0, 2.038128121103035], [2.038128121103035, 2.038128121103035, 0.0]], "volume": 16.932630807687083, "beta": 59.99999999999999, "gamma": 59.99999999999999, "alpha": 59.99999999999999}, "sites": [{"abc": [0.0, 0.0, 0.0], "xyz": [0.0, 0.0, 0.0], "label": "Li", "species": [{"occu": 1, "element": "Li"}]}, {"abc": [0.5, 0.5, 0.5], "xyz": [2.038128121103035, 2.038128121103035, 2.038128121103035], "label": "F", "species": [{"occu": 1, "element": "F"}]}], "@class": "Structure", "@module": "pymatgen.core.structure"}